{"twt":1310,"objective":1310,"_step":109,"clip_fraction":0.5580000281333923,"value_loss":0.04222956579178572,"_runtime":8,"reward":0,"makespan":120,"entropy_loss":-1.269339770078659,"_timestamp":1.751601572020962e+09,"policy_loss":0.06571369618177414,"episode":99,"total_loss":0.08555913902819157,"_wandb":{"runtime":8}}