{"policy_loss":494.44258403778076,"value_loss":333872.6962890625,"episode_performance/episode_makespan":218,"episode_performance/episode_reward":-2921,"_step":100,"episode_performance/episode_twt":5624,"_timestamp":1.7545669642087233e+09,"entropy":3.012074902653694,"_wandb":{"runtime":61},"_runtime":61,"episode_performance/episode_objective":2921}