{"policy_loss":0.0074571765144355595,"reward":0,"total_loss":0.007105661963578314,"_runtime":152,"twt":1370,"_wandb":{"runtime":152},"makespan":132,"value_loss":0.0006768787425244227,"episode":1999,"objective":751,"_timestamp":1.7514674856478631e+09,"_step":2199,"clip_fraction":0.16339286044239998,"entropy_loss":-0.6899538636207581}