{"episode_objective":310.5,"value_loss":118.91366976499557,"generalization/mean_makespan":171.5,"generalization/mean_objective":441.9933333333332,"manager_policy_loss":-2.5333950519561768,"_runtime":1530,"manager_value_loss":1.112260341644287,"episode_makespan":115,"policy_loss":-0.9910522955469787,"episode_twt":506,"_wandb":{"runtime":1530},"_step":2499,"entropy":0.26138529868330806,"generalization/mean_twt":2876.4333333333334,"_timestamp":1.7533652262471275e+09}