{"_wandb":{"runtime":70},"value_loss":91484.5390625,"_step":169,"_runtime":70,"policy_loss":-0.07544700056314468,"entropy_loss":-2.828901767730713,"clip_fraction":0.1944444477558136,"total_loss":91481.6347137317,"_timestamp":1.7518746402187734e+09}