{"entropy":0.4538653295021504,"manager_value_loss":0.26506733894348145,"_step":1999,"value_loss":178.07242941856384,"policy_loss":1.4642813596874475,"generalization/mean_makespan":266.7,"generalization/mean_twt":5068.933333333333,"episode_makespan":163,"_wandb":{"runtime":8573},"episode_twt":2003,"_timestamp":1.7536930631225712e+09,"episode_objective":1083,"generalization/mean_objective":746.9233333333333,"manager_policy_loss":-1.3542726039886475,"_runtime":8573}