{"generalization/mean_makespan":171,"episode_objective":669.5,"entropy":1.8919778419658542,"_timestamp":1.7533656463746123e+09,"generalization/mean_objective":427.4666666666666,"episode_twt":1194,"_wandb":{"runtime":48},"_runtime":48,"manager_value_loss":984.6826782226562,"generalization/mean_twt":2735.6666666666665,"manager_policy_loss":-0.0899769514799118,"episode_makespan":145,"value_loss":6976.287097930908,"_step":49,"policy_loss":7.311452247202396}