{"_runtime":935,"episode_twt":567,"_timestamp":1.7520395283114507e+09,"episode_reward":-321,"_step":2499,"policy_loss":-0.014519503340125084,"_wandb":{"runtime":935},"episode_makespan":75,"value_loss":201.2992401123047,"kl":0.0930182933807373,"total_loss":201.28472060896456}