{"episode_performance/episode_reward":-4064.5,"value_loss":2559.254913330078,"policy_loss":0.5620501451194286,"episode_performance/episode_objective":4064.5,"episode_performance/episode_makespan":371,"_timestamp":1.7544605128386567e+09,"_wandb":{"runtime":6864},"entropy":0.0757417781278491,"_step":16913,"_runtime":6864,"episode_performance/episode_twt":7758}