{"clip_fraction":0.5833333134651184,"entropy_loss":-2.363969087600708,"_wandb":{"runtime":137},"total_loss":1726.2091669812985,"policy_loss":-0.005998346488922834,"_runtime":137,"value_loss":3452.43505859375,"_step":499,"_timestamp":1.7518654801782393e+09}