{"episode_makespan":95,"policy_loss":126.30284531911214,"value_loss":19213.3076171875,"episode_twt":308,"_timestamp":1.752835043394253e+09,"episode_objective":201.5,"_wandb":{"runtime":5},"_runtime":5,"_step":28,"entropy":2.5669073139627776}