{"policy_loss":-19.9456068277359,"value_loss":51153.61767578125,"entropy":1.9427791684865952,"episode_performance/episode_makespan":340,"_step":731,"_timestamp":1.754461067160918e+09,"_wandb":{"runtime":335},"_runtime":335,"episode_performance/episode_twt":7395,"episode_performance/episode_reward":-3867.5,"episode_performance/episode_objective":3867.5}