{"_timestamp":1.7537015987043257e+09,"episode_objective":2689.5,"episode_makespan":230,"_wandb":{"runtime":11586},"policy_loss":-21.618672811985014,"generalization/mean_objective":989.8933333333333,"generalization/mean_makespan":314.1333333333333,"episode_twt":5149,"manager_value_loss":0.09722341597080231,"generalization/mean_twt":7071.733333333334,"_runtime":11586,"value_loss":1681.0497161865235,"_step":1999,"entropy":0.3401765666902065,"manager_policy_loss":-0.8940893411636353}