{"clip_fraction":0.5430000275373459,"makespan":120,"_step":109,"reward":0,"entropy_loss":-1.3387018144130707,"_wandb":{"runtime":6},"twt":1115,"episode":99,"_timestamp":1.751601634040314e+09,"_runtime":6,"total_loss":0.0929640606045723,"objective":1115,"policy_loss":0.07137422729283571,"value_loss":0.04585707373917103}