{"policy_loss":-23.114731073379517,"_step":8880,"value_loss":17172.127807617188,"manager_policy_loss":-75.30686950683594,"entropy":0.0006412655226246815,"manager_value_loss":546.167236328125,"_wandb":{"runtime":9266},"episode_performance/episode_objective":8794,"_timestamp":1.7544774501631286e+09,"_runtime":9266,"episode_performance/episode_reward":-8800.472094388702,"episode_performance/episode_makespan":512,"episode_performance/episode_twt":17076}