{"episode_makespan":120,"kl":0.030829591676592827,"_wandb":{"runtime":18},"value_loss":34983.60546875,"policy_loss":0.032083604484796524,"_step":99,"total_loss":34983.637552354485,"_runtime":18,"_timestamp":1.7519867865475578e+09,"episode_reward":-951.5,"episode_twt":1783}