{"generalization/mean_twt":2559.5666666666666,"_wandb":{"runtime":37},"episode_twt":3418,"value_loss":178912.44177246094,"_runtime":37,"episode_makespan":140,"_step":49,"entropy":2.789864534512162,"generalization/mean_makespan":166.33333333333334,"episode_objective":1779,"_timestamp":1.7533654809319177e+09,"generalization/mean_objective":405.6566666666667,"policy_loss":252.60707104206085}