{"_timestamp":1.7544638743517637e+09,"entropy":0.6334706246852875,"episode_performance/episode_objective":1935,"episode_performance/episode_reward":-1935,"value_loss":4354.73095703125,"_runtime":2764,"episode_performance/episode_twt":3654,"policy_loss":-15.533904075622559,"_wandb":{"runtime":2764},"_step":6278,"episode_performance/episode_makespan":216}