{"episode_twt":972,"policy_loss":171.28801584243774,"generalization/mean_objective":361.7833333333334,"_wandb":{"runtime":19},"_step":49,"generalization/mean_twt":2165.8333333333335,"_runtime":19,"generalization/mean_makespan":161.33333333333334,"episode_objective":541,"value_loss":73232.84112548828,"episode_makespan":110,"entropy":2.888665994629264,"_timestamp":1.7533605060504167e+09}