{"value_loss":15375.737800598145,"episode_makespan":145,"generalization/mean_twt":2707.5666666666666,"_runtime":65,"manager_value_loss":6.993124485015869,"_step":49,"entropy":1.5725549655035138,"episode_twt":1983,"manager_policy_loss":0.02886672504246235,"policy_loss":-38.86396934092045,"episode_objective":1064,"_timestamp":1.7533655916097639e+09,"generalization/mean_makespan":170.83333333333334,"generalization/mean_objective":424.5066666666668,"_wandb":{"runtime":65}}