{"_wandb":{"runtime":6657},"_runtime":6657,"episode_performance/episode_reward":-462,"episode_performance/episode_twt":3941,"policy_loss":-0.0045418324647471305,"episode_performance/episode_objective":462,"value_loss":11.093942022323608,"_timestamp":1.7575722110432374e+09,"_step":43999,"episode_performance/episode_makespan":462,"entropy":0.05594750754535198}