{"_wandb":{"runtime":452},"_timestamp":1.7544489097089772e+09,"episode_performance/episode_objective":3502.5,"_step":946,"episode_performance/episode_makespan":319,"episode_performance/episode_reward":-3502.5,"policy_loss":-30.223108619451523,"_runtime":452,"episode_performance/episode_twt":6686,"entropy":1.754417298361659,"value_loss":56462.827575683594}