{"entropy_loss":-2.9197371006011963,"clip_fraction":0.1388888955116272,"_timestamp":1.7518765698532994e+09,"_wandb":{"runtime":87},"_runtime":87.080969101,"_step":226,"policy_loss":-0.04401695728302002,"value_loss":66908.4609375}