{"_wandb":{"runtime":4306},"episode_performance/episode_objective":5007,"episode_performance/episode_makespan":420,"entropy":0.21685018204152584,"episode_performance/episode_reward":-5007,"_runtime":4306,"episode_performance/episode_twt":9594,"_timestamp":1.7544681835578523e+09,"value_loss":10321.73046875,"policy_loss":21.9488685131073,"_step":10799}