{"episode_performance/episode_makespan":450,"_wandb":{"runtime":2246},"_runtime":2246,"policy_loss":-9.785863876342773,"episode_performance/episode_twt":10106,"episode_performance/episode_reward":-5278,"_step":4499,"value_loss":121880.771484375,"_timestamp":1.7546395824468272e+09,"entropy":0.2622108682990074,"episode_performance/episode_objective":5278}