{"_runtime":11,"policy_loss":0.03573731705546379,"total_loss":25020.75381879136,"_timestamp":1.7518722072793055e+09,"value_loss":25023.490234375,"_step":28,"entropy_loss":-2.772152900695801,"clip_fraction":0.7777777910232544,"_wandb":{"runtime":11}}