{"policy_loss":13.054277323186398,"generalization/mean_twt":4791.466666666666,"_timestamp":1.7536723353928845e+09,"_wandb":{"runtime":3865},"_runtime":3865,"generalization/mean_objective":712.4866666666668,"generalization/mean_makespan":259.26666666666665,"episode_objective":2116.5,"episode_twt":4021,"value_loss":8447.543746948242,"_step":1999,"episode_makespan":212,"entropy":0.9544871957041323}