{"value_loss":462.6413917541504,"_wandb":{"runtime":4289},"episode_performance/episode_objective":2257,"policy_loss":2.1037258207798004,"episode_performance/episode_makespan":309,"_runtime":4289,"entropy":0.06698886398226023,"episode_performance/episode_reward":-2257,"_timestamp":1.754468174198241e+09,"_step":10799,"episode_performance/episode_twt":4205}