{"policy_loss":-3.366055877035251,"episode_performance/episode_makespan":291,"_step":834,"_timestamp":1.7544489071694355e+09,"entropy":2.114136517047882,"value_loss":26954.879425048828,"_runtime":425,"episode_performance/episode_twt":6979,"episode_performance/episode_reward":-3635,"_wandb":{"runtime":425},"episode_performance/episode_objective":3635}