{"entropy":0.2681623147800565,"_step":39599,"episode_performance/episode_makespan":2066,"_timestamp":1.7546340577601774e+09,"_wandb":{"runtime":44569},"episode_performance/episode_objective":39701.5,"episode_performance/episode_twt":77337,"policy_loss":48.94502341747284,"_runtime":44569,"episode_performance/episode_reward":-39701.5,"value_loss":122698.22802734375}