{"_step":39599,"value_loss":99906.22290039062,"_wandb":{"runtime":44548},"episode_performance/episode_makespan":1276,"episode_performance/episode_twt":25732,"episode_performance/episode_reward":-13504,"_runtime":44548,"episode_performance/episode_objective":13504,"_timestamp":1.754634536865362e+09,"policy_loss":157.8979549407959,"entropy":0.19419420789927244}