{"entropy":0.011586113646626473,"episode_performance/episode_reward":-560.876116430387,"manager_policy_loss":-0.17790941894054413,"policy_loss":-0.0002930063346866518,"_step":43999,"episode_performance/episode_objective":561,"manager_value_loss":0.012617701664566994,"_wandb":{"runtime":8235},"episode_performance/episode_twt":9090,"value_loss":31.71476802825928,"episode_performance/episode_makespan":561,"_timestamp":1.7575738914575539e+09,"_runtime":8235}