{"policy_loss":125.63960790634155,"_timestamp":1.7545351782835152e+09,"entropy":0.13055353797972202,"episode_performance/episode_reward":-22785,"value_loss":188981.7421875,"_runtime":21232,"episode_performance/episode_objective":22785,"episode_performance/episode_makespan":1441,"episode_performance/episode_twt":44129,"_step":20399,"_wandb":{"runtime":21232}}