{"episode_performance/episode_objective":3549,"episode_performance/episode_makespan":255,"_wandb":{"runtime":46},"episode_performance/episode_reward":-3549,"_runtime":46,"value_loss":1.018649498046875e+06,"entropy":3.048821195960045,"episode_performance/episode_twt":6843,"_timestamp":1.7545669349938912e+09,"policy_loss":477.5769090652466,"_step":78}