{"value_loss":21.58721923828125,"_wandb":{"runtime":371},"episode_reward":-86.5,"_timestamp":1.752038567484953e+09,"policy_loss":-0.008903516456484795,"kl":0.15000467002391815,"_step":2195,"_runtime":371,"episode_twt":133,"total_loss":21.578315721824765,"episode_makespan":40}