{"performance/episode_objective":1277,"performance/alpha":0,"training/total_episodes":4650,"training/value_loss":8260.027001953125,"training/learning_rate":0.0003,"performance/episode_twt":39923,"performance/episode_reward":-2554,"performance/episode_makespan":1277,"_timestamp":1.7575879721648018e+09,"_wandb":{"runtime":93126},"_runtime":93126.753269713,"_step":464,"training/policy_loss":-0.0045136157663364426}