{"generalization/mean_objective":260.55333333333334,"_wandb":{"runtime":633},"episode_twt":504,"_step":3999,"episode_objective":302,"episode_makespan":100,"generalization/mean_makespan":124.83333333333333,"policy_loss":-10.108412027359009,"value_loss":496.43609682718915,"generalization/mean_twt":1482.0333333333333,"_runtime":633,"entropy":1.0632845958073933,"_timestamp":1.7528367609276044e+09}