{"episode_performance/episode_reward":-5804,"episode_performance/episode_makespan":438,"episode_performance/episode_twt":11170,"_timestamp":1.7544895112426462e+09,"value_loss":18378.677490234375,"_runtime":12050,"_step":20399,"episode_performance/episode_objective":5804,"policy_loss":-32.20207691192627,"entropy":0.08165459288284183,"_wandb":{"runtime":12050}}