{"_step":38,"policy_loss":189.77957808971405,"episode_objective":571,"entropy":2.8241517562419176,"_wandb":{"runtime":15},"_timestamp":1.7533605234335885e+09,"episode_makespan":155,"_runtime":15,"episode_twt":987,"value_loss":88113.25677490234}