{"policy_loss":-0.026389943435788155,"value_loss":50840.25,"total_loss":50837.438267363235,"_timestamp":1.7518743432798998e+09,"_runtime":209,"_step":499,"clip_fraction":0.0833333358168602,"_wandb":{"runtime":209},"entropy_loss":-2.7853426933288574}