{"episode_performance/episode_reward":-4196.453042375227,"_timestamp":1.7545139388512864e+09,"manager_policy_loss":-29.932796478271484,"episode_performance/episode_twt":8127,"_step":20399,"episode_performance/episode_makespan":284,"manager_value_loss":2.190682888031006,"value_loss":25937.349243164062,"entropy":0.28650747425854206,"_runtime":24432,"episode_performance/episode_objective":4205.5,"policy_loss":17.512481808662415,"_wandb":{"runtime":24432}}