{"_wandb":{"runtime":7},"_runtime":7,"policy_loss":0.14373484253883362,"total_loss":100367.22515025735,"_step":22,"value_loss":100369.4140625,"clip_fraction":0.8333333134651184,"_timestamp":1.7518722609027863e+09,"entropy_loss":-2.3326470851898193}