{"episode_performance/episode_makespan":352,"episode_performance/episode_reward":-5178.5,"_step":6205,"_runtime":2753,"policy_loss":-47.04992234706879,"value_loss":12126.205078125,"_wandb":{"runtime":2753},"entropy":0.31905148830264807,"episode_performance/episode_twt":10005,"episode_performance/episode_objective":5178.5,"_timestamp":1.7544638663398957e+09}