{"training/policy_loss":0.707395426928997,"training/total_episodes":8000,"performance/episode_twt":30916,"performance/episode_reward":-16023,"_wandb":{"runtime":42691},"_timestamp":1.7576415724972806e+09,"performance/alpha":0.5,"training/value_loss":664303.40625,"training/learning_rate":0.00012288000000000002,"_step":3999,"performance/episode_makespan":1130,"performance/episode_objective":16023,"_runtime":42691.43902401}