{"manager_policy_loss":-26.108713150024414,"episode_performance/episode_makespan":403,"episode_performance/episode_twt":7257,"manager_value_loss":28.536930084228516,"_timestamp":1.7545139108940434e+09,"_runtime":24397,"episode_performance/episode_reward":-3827.256191827172,"_step":20399,"value_loss":1708.9477615356445,"entropy":0.08335780212655663,"_wandb":{"runtime":24397},"episode_performance/episode_objective":3830,"policy_loss":-11.358946800231934}