{"generalization/mean_objective":1418.1566666666665,"episode_objective":6555.5,"generalization/mean_makespan":388.4,"episode_makespan":389,"episode_twt":12722,"_timestamp":1.753699528760238e+09,"entropy":0.7335050730034709,"value_loss":15535.713577270508,"policy_loss":-64.64981402953465,"_wandb":{"runtime":5943},"_step":1999,"generalization/mean_twt":10685.966666666667,"_runtime":5943}