{"_wandb":{"runtime":208},"makespan":341,"twt":10706,"episode":1999,"total_loss":0.007901223201770335,"reward":0,"_timestamp":1.7515156002436073e+09,"_step":2199,"clip_fraction":0.20612243935465813,"value_loss":0.00041063073877012357,"objective":5523.5,"_runtime":208,"entropy_loss":-2.180453360080719,"policy_loss":0.009876361349597573}