{"episode_makespan":85,"kl":0.12132036685943604,"policy_loss":-0.027659883722662926,"value_loss":8.013126373291016,"episode_reward":-82,"total_loss":7.985466489568353,"_step":2499,"_runtime":979,"episode_twt":79,"_wandb":{"runtime":979},"_timestamp":1.7520403278642051e+09}