{"manager_value_loss":0.003189697163179517,"performance/objective_mean":1580.9,"_wandb":{"runtime":23671},"performance/makespan_mean":1580.9,"learning_rate":0.00025,"policy_loss":-0.0010393661876150872,"value_loss":368.65781860351564,"performance/reward_mean":-1579.4968450366837,"entropy":0.07608907744288444,"_runtime":23671,"_timestamp":1.7583550875373864e+09,"_step":799,"total_epochs":800,"manager_policy_loss":-0.022122468799352646}