{"_step":4499,"episode_performance/episode_objective":8131,"value_loss":545.0348052978516,"episode_performance/episode_twt":15734,"_timestamp":1.754643622379308e+09,"policy_loss":1.1558856964111328,"manager_policy_loss":-0.037792906165122986,"_wandb":{"runtime":4014},"entropy":0.06728583574295044,"episode_performance/episode_reward":-8134.402629575264,"episode_performance/episode_makespan":528,"manager_value_loss":0.026537323370575905,"_runtime":4014}