{"_wandb":{"runtime":346},"_runtime":346,"episode_performance/episode_twt":8670,"_step":781,"value_loss":23335.228576660156,"episode_performance/episode_reward":-4475.5,"_timestamp":1.7544610718771634e+09,"episode_performance/episode_objective":4475.5,"episode_performance/episode_makespan":281,"policy_loss":-21.011492401361465,"entropy":2.3979207947850227}