{"entropy":0.43643381353467703,"episode_performance/episode_objective":2732.5,"_wandb":{"runtime":4112},"_step":8716,"episode_performance/episode_makespan":316,"_timestamp":1.7544531853935475e+09,"_runtime":4112,"value_loss":5781.645538330078,"episode_performance/episode_reward":-2732.5,"episode_performance/episode_twt":5149,"policy_loss":-53.337712466716766}