{"_runtime":6994,"value_loss":285495.15625,"episode_performance/episode_objective":45817,"episode_performance/episode_twt":89588,"manager_policy_loss":0.02154669538140297,"manager_value_loss":0.13313105702400208,"policy_loss":-144.41028213500977,"_step":4499,"episode_performance/episode_makespan":2046,"_timestamp":1.7546535470136743e+09,"entropy":0.07379717193543911,"_wandb":{"runtime":6994},"episode_performance/episode_reward":-45819.75515609159}