{"episode_makespan":178,"generalization/mean_makespan":246.83333333333334,"generalization/mean_objective":673.3233333333334,"generalization/mean_twt":4511.733333333334,"_timestamp":1.7536762210643103e+09,"value_loss":1300.838677406311,"_runtime":3871,"episode_objective":600,"_step":1999,"policy_loss":-14.34092728793621,"episode_twt":1022,"entropy":0.5959696094505489,"_wandb":{"runtime":3871}}