{"performance/episode_twt":30304,"performance/alpha":0.5,"_step":3999,"_wandb":{"runtime":32988},"training/total_episodes":8000,"training/learning_rate":0.00012288000000000002,"training/value_loss":1.064019953125e+06,"training/policy_loss":0.36191781610250473,"performance/episode_objective":15736,"performance/episode_reward":-15736,"_timestamp":1.7576278195909772e+09,"_runtime":32988.776098989,"performance/episode_makespan":1168}