{"policy_loss":-113.91132736206055,"_wandb":{"runtime":2281},"episode_performance/episode_objective":8610.5,"_timestamp":1.7546396059263532e+09,"_runtime":2281,"episode_performance/episode_makespan":579,"episode_performance/episode_reward":-8610.5,"entropy":0.28913144767284393,"_step":4499,"value_loss":82696.9375,"episode_performance/episode_twt":16642}