{"_step":49,"policy_loss":0.02363358624279499,"_runtime":13,"value_loss":3543.029052734375,"_timestamp":1.751865122174111e+09,"entropy_loss":-2.432676076889038,"total_loss":1771.5357272773533,"clip_fraction":0.6666666865348816,"_wandb":{"runtime":13}}