{"entropy_loss":-2.5563485622406006,"policy_loss":-0.08061791956424713,"_timestamp":1.7518658227847013e+09,"_step":99,"value_loss":27686.771484375,"total_loss":2768.583748775125,"_wandb":{"runtime":12},"clip_fraction":0.7777777910232544,"_runtime":12}