{"learning_rate":0.00025,"manager_value_loss":0.06415904313325882,"performance/makespan_mean":1529.45,"policy_loss":-0.00012268422142369673,"_runtime":15334,"value_loss":559.8668167114258,"manager_policy_loss":-0.007279007229954004,"_timestamp":1.7581875802015932e+09,"performance/reward_mean":-1529.6950263706042,"_step":299,"performance/objective_mean":1529.45,"entropy":0.03922649770975113,"performance/twt_mean":419.9066371681415,"_wandb":{"runtime":15334},"total_epochs":300}