{"manager_value_loss":0.11989350616931915,"generalization/mean_makespan":315.26666666666665,"episode_twt":5579,"policy_loss":53.25602977275848,"_step":1999,"manager_policy_loss":-7.11855936050415,"entropy":0.30510818082839253,"episode_makespan":286,"generalization/mean_twt":7226.1,"episode_objective":2932.5,"_wandb":{"runtime":11834},"_runtime":11834,"value_loss":2626.566968536377,"_timestamp":1.7536899907907357e+09,"generalization/mean_objective":1006.3500000000001}