{"episode_performance/episode_twt":6325,"manager_value_loss":0.6913515329360962,"_runtime":9253,"episode_performance/episode_objective":3323.5,"episode_performance/episode_makespan":322,"episode_performance/episode_reward":-3317.9459573838744,"_timestamp":1.7544774289806132e+09,"entropy":0.19497985765337944,"value_loss":11866.341918945312,"manager_policy_loss":-8.08482837677002,"_step":9134,"policy_loss":0.7367602623999119,"_wandb":{"runtime":9253}}