{"policy_loss":-0.012355179525911808,"episode_twt":1468,"_runtime":450,"value_loss":10367.6513671875,"kl":0.1644705981016159,"_wandb":{"runtime":450},"total_loss":10367.639012007974,"_step":1999,"episode_makespan":135,"episode_reward":-801.5,"_timestamp":1.7520379740224295e+09}