{"manager_policy_loss":0.0016148489667102695,"_wandb":{"runtime":3789},"episode_performance/episode_objective":4436,"episode_performance/episode_makespan":390,"value_loss":19789.21533203125,"episode_performance/episode_twt":8482,"_step":4499,"episode_performance/episode_reward":-4435.643282303204,"_timestamp":1.7546433742898514e+09,"entropy":0.06181017588824034,"_runtime":3789,"manager_value_loss":0.007650056853890419,"policy_loss":25.024927139282227}