{"_step":2499,"policy_loss":1.3101429734379053,"_wandb":{"runtime":834},"entropy":0.7165395505726337,"episode_makespan":170,"generalization/mean_twt":2766.9666666666667,"_timestamp":1.753362203959077e+09,"episode_objective":507.5,"_runtime":834,"generalization/mean_objective":436.29666666666674,"episode_twt":845,"value_loss":1313.1806411743164,"generalization/mean_makespan":177.33333333333334}