{"_wandb":{"runtime":814},"_timestamp":1.75336136553927e+09,"_runtime":814,"episode_objective":1032.5,"episode_makespan":185,"entropy":0.7161172796040773,"generalization/mean_twt":2652.8,"generalization/mean_objective":425.18000000000006,"_step":2499,"episode_twt":1880,"policy_loss":30.12111808359623,"value_loss":4689.247455596924,"generalization/mean_makespan":177.66666666666666}