{"episode_performance/episode_objective":41984.5,"episode_performance/episode_twt":81782,"policy_loss":-20.35547924041748,"value_loss":29317.571411132812,"episode_performance/episode_reward":-41984.5,"_timestamp":1.7545351375825586e+09,"_wandb":{"runtime":21220},"_runtime":21220,"episode_performance/episode_makespan":2187,"_step":20399,"entropy":0.1206338107585907}