{"episode_makespan":135,"episode_objective":572,"value_loss":129.77222725749016,"manager_policy_loss":-2.0494706630706787,"_step":2499,"_wandb":{"runtime":1483},"episode_twt":1009,"generalization/mean_makespan":172.33333333333334,"policy_loss":-13.178264923393726,"generalization/mean_twt":2583.766666666667,"_timestamp":1.7533636907178407e+09,"entropy":0.45257807103917,"generalization/mean_objective":413.4766666666667,"_runtime":1483,"manager_value_loss":0.08676612377166748}