{"_step":1999,"episode_makespan":177,"generalization/mean_makespan":262.8333333333333,"_runtime":8234,"_wandb":{"runtime":8234},"manager_policy_loss":-0.4953703284263611,"_timestamp":1.7536844714679935e+09,"value_loss":1881.3547248840332,"policy_loss":-10.70774920284748,"entropy":0.5023362396750599,"manager_value_loss":0.15018801391124725,"generalization/mean_twt":5155.533333333334,"episode_twt":1740,"episode_objective":958.5,"generalization/mean_objective":752.1033333333334}