{"episode_makespan":115,"policy_loss":-2.9355726407763236,"generalization/mean_objective":260.90666666666664,"episode_twt":1778,"entropy":1.8900836234291394,"_runtime":63,"_timestamp":1.752834678014854e+09,"_step":99,"generalization/mean_makespan":129.83333333333334,"generalization/mean_twt":1440.5666666666666,"_wandb":{"runtime":63},"value_loss":13845.315450032553,"episode_objective":946.5}