{"episode_reward":-709,"total_loss":4015.62121925503,"_wandb":{"runtime":7},"episode_makespan":105,"policy_loss":-0.026485823094844818,"_timestamp":1.7520375090546832e+09,"kl":0.014632225036621094,"episode_twt":1313,"value_loss":4015.647705078125,"_runtime":7,"_step":22}