{"_step":2199,"clip_fraction":0.07000000402331352,"makespan":120,"_runtime":116,"objective":1160,"episode":1999,"policy_loss":0.00592786303604953,"total_loss":0.005803234060294926,"reward":0,"twt":1160,"value_loss":0.00032549620664212853,"entropy_loss":-0.2873770669102669,"_wandb":{"runtime":116},"_timestamp":1.751601106750974e+09}