{"performance/objective_mean":2510.5,"q_loss":645.6317168071441,"performance/makespan_mean":2510.5,"performance/alpha":0,"learning_rate":0.0003,"_step":0,"_runtime":691.317301309,"_timestamp":1.7582100014226792e+09,"total_epochs":1,"_wandb":{"runtime":691},"performance/reward_mean":-2510.5,"performance/twt_mean":1004.8163716814161}